Epoch,Loss_D,Loss_G,PSNR,SSIM,Score_D,Score_G
1,0.7413766492341093,0.015289601607772405,20.719551206758208,0.6148658772777108,0.6606670200467823,0.4020436699236715
2,0.9844266431631442,0.009809611596077858,22.59300355745467,0.6514942934933831,0.6875154619445344,0.6719421084198409
3,0.9849441812994951,0.008939315406995977,22.48068801693507,0.6642229085810044,0.6635593467986513,0.6485035306108212
4,1.0019656251576132,0.008744358066357896,21.503758522255847,0.6646537296912249,0.5136859499337431,0.5156515762477578
5,1.0010940142306026,0.008283324437271693,22.926846075682306,0.6738388957696803,0.6449248292631732,0.6460188422517148
6,1.0014589652900925,0.00804646680298858,23.091686769982395,0.6789809907183928,0.6701545341571647,0.6716134994329807
7,1.0010569104748572,0.007882647983016012,22.725006684961446,0.6795325402652516,0.6302396226785854,0.6312965330535066
8,1.0014362229558522,0.00777378752604573,23.249241845814325,0.6796627011719872,0.6940478914512132,0.6954841155491903
9,0.9999023322716445,0.007449648222122007,22.961500019155277,0.6833384879196391,0.8756379023711839,0.8755402337291284
10,1.0000931941963243,0.007196185157639895,23.345897634902855,0.6860482264266294,0.9370952272700692,0.9371884237506433
11,1.0,0.007141187814716807,23.167395580657093,0.6867494189037996,1.0,1.0
12,1.0,0.0070510569515967085,23.271787413899048,0.6847422682537752,1.0,1.0
13,1.0,0.0070470394896800645,23.297478882583352,0.6841762793064118,1.0,1.0
14,1.0,0.00690502967250472,23.312039048377905,0.6917878669850966,1.0,1.0
15,1.0,0.006873585695991973,23.328754859857256,0.6871004045009613,1.0,1.0
16,1.0,0.00683309849005884,23.450144478921455,0.684926379848929,1.0,1.0
17,1.0,0.006896940548485981,23.36526760212077,0.6906462855198804,1.0,1.0
18,1.0,0.0068452467095709135,23.492579579299292,0.6878458044809453,1.0,1.0
19,1.0,0.006813128879461103,23.37054212586184,0.69696166620535,1.0,1.0
20,1.0,0.0067002677138961715,23.502054153367506,0.6929167276270249,1.0,1.0
21,1.0,0.006688752373691626,23.470586632986105,0.6969281598399667,1.0,1.0
22,1.0,0.006712766222789616,23.56487678147183,0.6946744646044338,1.0,1.0
23,1.0,0.006672512597019622,23.498213559824826,0.6946776886547313,1.0,1.0
24,1.0,0.0066498113091209695,23.595378395883127,0.6948102200732512,1.0,1.0
25,1.0,0.006628713527593962,23.606496135793314,0.6962864114256466,1.0,1.0
26,1.0,0.0066593201590066185,23.632817762480105,0.6927219268854926,1.0,1.0
27,1.0,0.00656917460887375,23.62732047305994,0.6954319958827074,1.0,1.0
28,1.0,0.006582203518576964,23.660696973644523,0.6990619699394002,1.0,1.0
29,1.0,0.006546617255373272,23.644404295224284,0.6974124140599195,1.0,1.0
30,1.0,0.0065189723141803714,23.70547586029453,0.7032648658752442,1.0,1.0
31,1.0,0.006539370048411949,23.545809724732287,0.6970213343816645,1.0,1.0
32,1.0,0.006486111903551989,23.695012827296587,0.7000405447623309,1.0,1.0
33,1.0,0.006504281776327037,23.714507229590815,0.7013287694313947,1.0,1.0
34,1.0,0.006509280294670673,23.62561667088679,0.6994471043698928,1.0,1.0
35,1.0,0.006436450199564238,23.67679205960739,0.7000666903748232,1.0,1.0
36,1.0,0.00649238364782162,23.68003045593626,0.7003428310506484,1.0,1.0
37,1.0,0.0064301532935239596,23.664848315274977,0.6983436415475958,1.0,1.0
38,1.0,0.006443852885754523,23.602293816894054,0.7000541125325596,1.0,1.0
39,1.0,0.006462412366565473,23.696335135712,0.701230718388277,1.0,1.0
40,1.0,0.0064562943637995664,23.72439614168446,0.703076007716796,1.0,1.0
41,1.0,0.006457938490669706,23.750004550166214,0.7024834333447849,1.0,1.0
42,1.0,0.006383796804054769,23.72363484929087,0.7042235443872564,1.0,1.0
43,1.0,0.006430060246591261,23.704915399383395,0.7022791377937092,1.0,1.0
44,1.0,0.006357158332572369,23.7114320395187,0.7009781409011168,1.0,1.0
45,1.0,0.006346923220947296,23.74394128734741,0.7022812400144689,1.0,1.0
46,1.0,0.006399454052621376,23.71476586227507,0.6997979573642507,1.0,1.0
47,1.0,0.006319215722984361,23.730707646200596,0.7001297708118663,1.0,1.0
48,1.0,0.006347279095810331,23.79767101390761,0.7039170505720026,1.0,1.0
49,1.0,0.0064173083595128475,23.786325762585147,0.7045111990676207,1.0,1.0
50,1.0,0.006282738040084253,23.720098488087604,0.7039169629882364,1.0,1.0
51,1.0,0.006443988483644531,23.73316442989757,0.7025027089960435,1.0,1.0
52,1.0,0.006308204405076668,23.746192578599718,0.7027656897376565,1.0,1.0
53,1.0,0.0063242470367092215,23.80491161727514,0.7064877315829782,1.0,1.0
54,1.0,0.006327178663390125,23.78649951492333,0.7028093750336591,1.0,1.0
55,1.0,0.0063121568311206595,23.774753240615123,0.7047319202563342,1.0,1.0
56,1.0,0.006275763260144852,23.736390792927466,0.6972400225611294,1.0,1.0
57,1.0,0.006340074064265825,23.707840575857038,0.7042771227219525,1.0,1.0
58,1.0,0.006250788731288589,23.810790381967415,0.703240686304429,1.0,1.0
59,1.0,0.006242919749619361,23.82073985394109,0.7051207078204436,1.0,1.0
60,1.0,0.006265128157742901,23.77496246561271,0.703480665473377,1.0,1.0
61,1.0,0.006263349057359253,23.050858879441524,0.6970654658009025,1.0,1.0
62,1.0,0.006232973226530109,23.808538149785754,0.7056983952662524,1.0,1.0
63,1.0,0.0062622879307248636,23.84868981601877,0.7076405171787038,1.0,1.0
64,1.0,0.006316220850020112,23.804848150821986,0.7053352069153506,1.0,1.0
65,1.0,0.006237507699180149,23.80562706838656,0.7043484715153189,1.0,1.0
66,1.0,0.006209464490101366,23.785568597887377,0.7027322609985576,1.0,1.0
67,1.0,0.006194780657882105,23.83974325508232,0.7045840658159817,1.0,1.0
68,1.0,0.006181898389212385,23.8108347478372,0.7065552730420056,1.0,1.0
69,1.0,0.006207162955229333,23.803225854215846,0.7055295573963839,1.0,1.0
70,1.0,0.00624174912008429,23.799387115805224,0.7086895082978641,1.0,1.0
71,1.0,0.0062011403574825765,23.839384921411728,0.7078326194426593,1.0,1.0
72,1.0,0.006252257848928074,23.82197881028585,0.7070997589475968,1.0,1.0
73,1.0,0.006247658656051237,23.846128624415233,0.7060977844630971,1.0,1.0
74,1.0,0.006205614888873286,23.811644551992913,0.7056176086033091,1.0,1.0
75,1.0,0.006196841418430834,23.78050006729473,0.7031697393866146,1.0,1.0
76,1.0,0.0061558371974144155,23.815611759895816,0.7038295491302715,1.0,1.0
77,1.0,0.006240622844480112,23.669297760761534,0.7045934275318595,1.0,1.0
78,1.0,0.006186388468224845,23.799263612276214,0.7048832434766433,1.0,1.0
79,1.0,0.006225123669349862,23.80350106357119,0.7070778326427235,1.0,1.0
80,1.0,0.006167581348295162,21.897942094843366,0.7030369594517876,1.0,1.0
81,1.0,0.006212577484436556,23.81318907098639,0.7065833479516647,1.0,1.0
82,1.0,0.006215862410399549,23.862021137583618,0.7086596542246202,1.0,1.0
83,1.0,0.006165914665573015,23.82927370160892,0.7044482579652,1.0,1.0
84,1.0,0.006196455541819691,23.852831851946416,0.7079646473772385,1.0,1.0
85,1.0,0.00623906866139816,23.79588953008813,0.7080953009689556,1.0,1.0
86,1.0,0.0061723333725449215,23.85029194452891,0.7051565485140857,1.0,1.0
87,1.0,0.006215508661071162,23.869998102796384,0.7079363644824308,1.0,1.0
88,1.0,0.006140526868291423,23.874350981132693,0.7057736640817979,1.0,1.0
89,1.0,0.006202547455842267,23.875042594926434,0.7085887342340806,1.0,1.0
90,1.0,0.006191051683226923,23.80738746470202,0.7070078928330366,1.0,1.0
91,1.0,0.006146930089878465,23.870751834447603,0.708685629157459,1.0,1.0
92,1.0,0.0061230569664098905,23.872590086596443,0.7097654882599326,1.0,1.0
93,1.0,0.006229523462717405,23.839510300497157,0.7069665028768427,1.0,1.0
94,1.0,0.0061816909998476865,23.84025237201716,0.7095433550021227,1.0,1.0
95,1.0,0.006133333794594168,23.8601647829709,0.7091910548771129,1.0,1.0
96,1.0,0.00611453847234656,23.838236083368237,0.7078820654223947,1.0,1.0
97,1.0,0.006173513701888259,23.87774309703022,0.707423361119102,1.0,1.0
98,1.0,0.006161401249959083,23.826089546628232,0.7080749579738168,1.0,1.0
99,1.0,0.006150181537304453,23.85682897826724,0.7091070661124061,1.0,1.0
100,1.0,0.006167912073433399,23.860297191984788,0.7041605743941138,1.0,1.0
101,1.0,0.006152955316408666,23.89700795411158,0.7108868650829091,1.0,1.0
102,1.0,0.006128845384377919,23.881749632830886,0.7085181633163901,1.0,1.0
103,1.0,0.006141302424098203,23.838727032520225,0.7080962951744304,1.0,1.0
104,1.0,0.006152855105207352,23.88221725504673,0.709435477326898,1.0,1.0
105,1.0,0.00613929983406902,23.845909406094115,0.7084474494176752,1.0,1.0
106,1.0,0.00612783368520751,23.86722776953706,0.7078835354833042,1.0,1.0
107,1.0,0.006147791951850146,23.889448278706638,0.7075707700673272,1.0,1.0
108,1.0,0.0061420784926343105,23.86722776953706,0.7065085816383362,1.0,1.0
109,1.0,0.0061561228961734,23.796989359207103,0.7100342728109921,1.0,1.0
110,1.0,0.006165263860815478,23.87189645180552,0.7067948145726147,1.0,1.0
111,1.0,0.0061142589797650625,23.86011819365406,0.7081261692327612,1.0,1.0
112,1.0,0.006108707212090135,23.88763826704303,0.7088833944937762,1.0,1.0
113,1.0,0.006167223962904986,23.832797156724727,0.7053399386125453,1.0,1.0
114,1.0,0.006137202493065667,23.871389944202676,0.7069584328988019,1.0,1.0
115,1.0,0.006157625526925939,23.89461944919857,0.7108485146831064,1.0,1.0
116,1.0,0.0060899323415747305,23.88817888639498,0.7112195881675272,1.0,1.0
117,1.0,0.006167612900388634,23.87618581068037,0.7075206657016978,1.0,1.0
118,1.0,0.006117527364769917,23.854225930969484,0.7075085730412427,1.0,1.0
119,1.0,0.006128893068428346,23.87415653826077,0.7087239497549394,1.0,1.0
120,1.0,0.00612413152516959,23.88243031142899,0.7121891056790072,1.0,1.0
121,1.0,0.006078142048623747,23.918170849148307,0.7111225263511434,1.0,1.0
122,1.0,0.006079317851293229,23.89780130966006,0.708281263183145,1.0,1.0
123,1.0,0.0060570289883874135,23.75234822270397,0.7050848188119776,1.0,1.0
124,1.0,0.006063329332513723,23.882686995249223,0.7087228865483228,1.0,1.0
125,1.0,0.006073894840693045,23.90883382595868,0.7090880112788257,1.0,1.0
126,1.0,0.006075935612382468,23.710418900480462,0.7039907029797049,1.0,1.0
127,1.0,0.006051445971215199,23.932724065724443,0.7103550473381491,1.0,1.0
128,1.0,0.006103314184723143,23.925006265971223,0.7121266766856699,1.0,1.0
129,1.0,0.006168090303255591,23.898638538309953,0.7087776544514824,1.0,1.0
130,1.0,0.006129156363135327,23.909306353319437,0.7092424542062423,1.0,1.0
131,1.0,0.006056884937434497,23.903580569300978,0.7108936853268567,1.0,1.0
132,1.0,0.0061162308442913845,23.877396569060146,0.7069603603727678,1.0,1.0
133,1.0,0.00608902309681038,23.91839908484706,0.7113313064154456,1.0,1.0
134,1.0,0.006113187993045695,23.923742124584116,0.7115065065552206,1.0,1.0
135,1.0,0.006063317371097332,23.928837515028366,0.7112899088859558,1.0,1.0
136,1.0,0.006052422945883995,23.914108990193014,0.7096713960170746,1.0,1.0
137,1.0,0.006065889678360102,23.890660756718333,0.7058946236442117,1.0,1.0
138,1.0,0.0060435933523816975,23.884665147114656,0.705875547282836,1.0,1.0
139,1.0,0.006100940752194492,23.361543046975935,0.7078777115485247,1.0,1.0
140,1.0,0.006087760739586132,23.876783225471737,0.7086696317616631,1.0,1.0
141,1.0,0.0060614944459078555,23.90175620021102,0.7098323186706094,1.0,1.0
142,1.0,0.0061672004179549435,23.896604602719265,0.7090406934654011,1.0,1.0
143,1.0,0.006072042426484787,23.920328527832506,0.7116044996766483,1.0,1.0
144,1.0,0.005992198491770172,23.92111253063429,0.7091648904716268,1.0,1.0
145,1.0,0.0061613971347401954,23.911406780550564,0.7083396354843589,1.0,1.0
146,1.0,0.006014164841683682,23.906100294395088,0.7090370819849127,1.0,1.0
147,1.0,0.0060634789410643946,23.91157452314742,0.7102412270798403,1.0,1.0
148,1.0,0.006107282662753038,23.913854964188623,0.7119802300369038,1.0,1.0
149,1.0,0.006060654945493102,23.893674115076998,0.7095209137832417,1.0,1.0
150,1.0,0.006025543281819649,23.897076571450423,0.7088599480600918,1.0,1.0
151,1.0,0.006033915504813195,23.90581236898099,0.7112334029113545,1.0,1.0
152,1.0,0.006054675972903382,23.89454403547066,0.7095134880963494,1.0,1.0
153,1.0,0.0060240677042591,23.85161913863968,0.7098030273353352,1.0,1.0
154,1.0,0.006074156693801908,23.84540067855353,0.7093732622791739,1.0,1.0
155,1.0,0.006049777455739454,23.909481180800697,0.7112878779102775,1.0,1.0
156,1.0,0.0060598552717777065,23.917119035670545,0.710621242242701,1.0,1.0
157,1.0,0.006075420459163582,23.913539294646906,0.710460830155541,1.0,1.0
158,1.0,0.00603341660612893,23.874012601477332,0.710265440379872,1.0,1.0
159,1.0,0.006046000520536999,23.902686017339228,0.7095295427827274,1.0,1.0
160,1.0,0.006049284250949492,23.896498152768547,0.7085600712018855,1.0,1.0
161,1.0,0.006044242960696449,23.938310164107932,0.7105094999425552,1.0,1.0
162,1.0,0.006040664888963014,23.93348440311466,0.7095427500500399,1.0,1.0
163,1.0,0.006024568724462729,23.949983155256433,0.7111907764743356,1.0,1.0
164,1.0,0.006071672175235734,23.941922760695,0.7112499385721543,1.0,1.0
165,1.0,0.006016019042246713,23.94687483062759,0.711861899319817,1.0,1.0
166,1.0,0.006109911745336063,23.913375395784673,0.7094733466821558,1.0,1.0
167,1.0,0.006026768546863766,23.920051218113613,0.7124603720272289,1.0,1.0
168,1.0,0.0060444854124042085,23.84365863496633,0.7083175852018244,1.0,1.0
169,1.0,0.0060033761725543505,23.917307531206838,0.7105187240067651,1.0,1.0
170,1.0,0.006039686487864948,23.94955773746077,0.7108825915000018,1.0,1.0
171,1.0,0.006067334875285982,23.89893369044634,0.7099126189596513,1.0,1.0
172,1.0,0.0060273994533289335,23.947091147851385,0.7116003603794996,1.0,1.0
173,1.0,0.0059896060749665345,23.89371223518969,0.7090736143729266,1.0,1.0
174,1.0,0.006035033546745064,23.94890458399816,0.7101940396954032,1.0,1.0
175,1.0,0.00603346079086026,23.934775439330597,0.7117757028691909,1.0,1.0
176,1.0,0.00602513043221064,23.931707395432667,0.7113579917655272,1.0,1.0
177,1.0,0.005977431071955644,23.87679245340646,0.7117381762757021,1.0,1.0
178,1.0,0.006047297063099588,23.854680158354405,0.707578359631931,1.0,1.0
179,1.0,0.006066822775912856,23.882834168252394,0.7062986663509818,1.0,1.0
180,1.0,0.005973341950287897,23.939351240360708,0.7141601976226358,1.0,1.0
181,1.0,0.006015763089373083,23.952977515145626,0.7127079707033493,1.0,1.0
182,1.0,0.006014222891298597,23.898495140599323,0.709614169176887,1.0,1.0
183,1.0,0.006112128970977253,23.917604643793183,0.7101681798345902,1.0,1.0
184,1.0,0.006078183357185589,23.905496923160396,0.709811271499185,1.0,1.0
185,1.0,0.006090138236919563,23.941944417582512,0.7115373302908504,1.0,1.0
186,1.0,0.006052244977389803,23.839213545889784,0.706141251816469,1.0,1.0
187,1.0,0.00602416231770983,23.920710605822354,0.7107262049001806,1.0,1.0
188,1.0,0.006049329817830446,23.929352383281774,0.7120207513781155,1.0,1.0
189,1.0,0.006034866904025663,23.969918445043376,0.7135226478296167,1.0,1.0
190,1.0,0.006008663233704196,23.927919986494736,0.7090600483557757,1.0,1.0
191,1.0,0.005980031396078314,23.922361322993126,0.7094745161954095,1.0,1.0
192,1.0,0.006056273469623334,23.934074791779658,0.7099847969588111,1.0,1.0
193,1.0,0.006020648845187026,23.94322973422382,0.710981184314279,1.0,1.0
194,1.0,0.00596977026753886,23.91277088115103,0.7108285393434413,1.0,1.0
195,1.0,0.0061195912349322245,23.931512019556692,0.7092260785663829,1.0,1.0
196,1.0,0.005954794733712594,23.78752304390129,0.7108513313181261,1.0,1.0
197,1.0,0.006012502286449343,23.88057506908381,0.7117181405600379,1.0,1.0
198,1.0,0.005945335593029946,23.882962364612613,0.7084285589526681,1.0,1.0
199,1.0,0.00602635984682662,23.943185096698425,0.7113491685951457,1.0,1.0
200,1.0,0.0060440914509092974,23.934984058332574,0.7092467193042531,1.0,1.0
201,1.0,0.005990728553116857,23.95749502584032,0.7114570778958937,1.0,1.0
202,1.0,0.005990528334378304,23.9597826416802,0.7131153786182404,1.0,1.0
203,1.0,0.00593084480513088,23.891457436452047,0.709147248618743,1.0,1.0
204,1.0,0.006075197675204027,23.925555404513148,0.7125313109510085,1.0,1.0
205,1.0,0.00599773608761544,23.924353167725045,0.708446912204518,1.0,1.0
206,1.0,0.00602529685453562,23.929565821181225,0.7097568855566136,1.0,1.0
207,1.0,0.005986737772420852,23.922188624775167,0.7087580727829653,1.0,1.0
208,1.0,0.005988159783876049,23.917623464720403,0.7089283579938552,1.0,1.0
209,1.0,0.006040718511728469,23.85677444591829,0.7046709689673255,1.0,1.0
210,1.0,0.006094265953933229,23.931989589515172,0.7101232716616462,1.0,1.0
211,1.0,0.005996339382704147,23.96255604784674,0.7113832188353819,1.0,1.0
212,1.0,0.006013367547469581,23.866976426914658,0.7131983587321113,1.0,1.0
213,1.0,0.005872520016852074,23.967804671759446,0.7117627000808716,1.0,1.0
214,1.0,0.006057978244777211,23.890991619730162,0.7094335882803973,1.0,1.0
215,1.0,0.006021205914279301,23.950713794468808,0.7121577118424808,1.0,1.0
216,1.0,0.005977809534123736,23.95520540472028,0.7119082999930663,1.0,1.0
217,1.0,0.006029663441513113,23.981132253895126,0.713373509014354,1.0,1.0
218,1.0,0.006011188155162834,23.900870179357405,0.7097101022916682,1.0,1.0
219,1.0,0.0060180286442983654,23.92185798118859,0.7102793392013101,1.0,1.0
220,1.0,0.005998545495603613,23.951494999466128,0.7094678069563473,1.0,1.0
221,1.0,0.005997840081882513,23.93402443507889,0.7108408317846411,1.0,1.0
222,1.0,0.0059905126514638255,23.94650813496795,0.7107424553702859,1.0,1.0
223,1.0,0.006010677021019116,23.946840646179194,0.7091002342981451,1.0,1.0
224,1.0,0.005992645711197468,23.92052252662443,0.7088299045843237,1.0,1.0
225,1.0,0.006015903619145919,23.96586031442019,0.7117834722995758,1.0,1.0
226,1.0,0.006013086743786663,23.93403595288642,0.7130805450327257,1.0,1.0
227,1.0,0.005963392449643262,23.946557812959295,0.7121611968909993,1.0,1.0
228,1.0,0.006007001570085744,23.953497262731318,0.7109400043768042,1.0,1.0
229,1.0,0.005981626243603801,23.921735762930375,0.7096333350854761,1.0,1.0
230,1.0,0.00601328914773143,23.960986026089806,0.7134731322877548,1.0,1.0
231,1.0,0.006034113475662506,23.886008963401775,0.7081135541551253,1.0,1.0
232,1.0,0.0060116329147831766,23.959927491438112,0.710563344745075,1.0,1.0
233,1.0,0.005953919210298333,23.889584398327845,0.7098228133425993,1.0,1.0
234,1.0,0.0059816986829890105,23.971060596986362,0.7136233318553251,1.0,1.0
235,1.0,0.0059880987478944355,23.91369296103244,0.7062605775805081,1.0,1.0
236,1.0,0.006009536434834946,23.976068971105843,0.7134255825070774,1.0,1.0
237,1.0,0.006017850838757739,23.912466707952504,0.711727206847247,1.0,1.0
238,1.0,0.005991476962487855,23.938216773444463,0.7135447403262644,1.0,1.0
239,1.0,0.005944424707130223,23.958306176670288,0.7109784754584817,1.0,1.0
240,1.0,0.0059800882218126765,23.94351037881337,0.7120964074836058,1.0,1.0
241,1.0,0.0059788623664104295,23.860424148277023,0.7118431369697347,1.0,1.0
242,1.0,0.00595535954070127,23.968039615798816,0.712982894673067,1.0,1.0
243,1.0,0.006005300503714891,23.927270545583838,0.7083989498895757,1.0,1.0
244,1.0,0.005949488133303598,23.95641325567647,0.7126878508399515,1.0,1.0
245,1.0,0.006008170982097794,23.940680918516605,0.7091428392073688,1.0,1.0
246,1.0,0.00596952653105209,23.94935702400744,0.7121101647966048,1.0,1.0
247,1.0,0.005944163878364656,23.95339219819953,0.7104432254679063,1.0,1.0
248,1.0,0.005945944354763467,23.973059436773667,0.713833295247134,1.0,1.0
249,1.0,0.005947751343294889,23.969129387932938,0.7127992267468396,1.0,1.0
250,1.0,0.005983429114127944,23.974240305980942,0.7133513174337499,1.0,1.0
251,1.0,0.005921595199981671,23.83693382725513,0.7101848668210646,1.0,1.0
252,1.0,0.005917725777643884,23.87976120185426,0.7099629925980288,1.0,1.0
253,1.0,0.006033113930753605,23.919414306086303,0.7100311035969679,1.0,1.0
254,1.0,0.005944516764630279,23.92480092507356,0.7108494494241827,1.0,1.0
255,1.0,0.005951289313505153,23.922648690498303,0.7100061259550207,1.0,1.0
256,1.0,0.0059879150648718465,23.899334665557426,0.7143710381844465,1.0,1.0
257,1.0,0.005962861520600712,23.978039522499103,0.7143118162716137,1.0,1.0
258,1.0,0.005961733013503031,23.907001151178633,0.7084871147660649,1.0,1.0
259,1.0,0.006018072285516533,23.96511280517261,0.7137321327714359,1.0,1.0
260,1.0,0.0059792710573016526,23.946628322681033,0.7134480922362384,1.0,1.0
261,1.0,0.005884689099328246,23.963956850995753,0.7110229114223929,1.0,1.0
262,1.0,0.005967234605086778,23.95327353088749,0.7135705587443183,1.0,1.0
263,1.0,0.005986164684245687,23.922661849863324,0.7128860872633317,1.0,1.0
264,1.0,0.006008074818190165,23.94969598947076,0.7129057488020729,1.0,1.0
265,1.0,0.006052003887086036,23.914476009998623,0.7109961125429939,1.0,1.0
266,1.0,0.005963367854919798,23.888990365881916,0.7108569731431849,1.0,1.0
267,1.0,0.005945460924622185,23.973274453727555,0.7117761152632096,1.0,1.0
268,1.0,0.005929583286989235,23.951439241881186,0.7092310277153464,1.0,1.0
269,1.0,0.005986925629218538,23.926080859181322,0.7114572752924526,1.0,1.0
270,1.0,0.005948440611563221,23.93403193505005,0.7097502061899971,1.0,1.0
271,1.0,0.005995387517161176,23.949970078416758,0.7116895472302156,1.0,1.0
272,1.0,0.005939785559511113,23.92669774448133,0.7118738967530868,1.0,1.0
273,1.0,0.006019507245032373,23.949402131961293,0.7115556288466734,1.0,1.0
274,1.0,0.006031231721138169,23.978965611463003,0.7127308144288904,1.0,1.0
275,1.0,0.006040118663811577,23.98425773501044,0.7129637824787813,1.0,1.0
276,1.0,0.005905239177410474,23.93530138637945,0.7109309127050287,1.0,1.0
277,1.0,0.006008392683269378,23.941702709899808,0.7120470819052528,1.0,1.0
278,1.0,0.005971201548832441,23.96056887283928,0.710364723556182,1.0,1.0
279,1.0,0.005949641768625396,23.911387394150605,0.7103792398116168,1.0,1.0
280,1.0,0.0059302322055676026,23.947397712325458,0.709589557577582,1.0,1.0
281,1.0,0.005923892833783241,23.987665917827798,0.7131034890343161,1.0,1.0
282,1.0,0.00591794092721211,23.959059385681446,0.7121831337143393,1.0,1.0
283,1.0,0.005977037636574335,23.89370790951997,0.7084972556899576,1.0,1.0
284,1.0,0.005975882900533027,23.967978489048015,0.7128951264128965,1.0,1.0
285,1.0,0.005963347673996123,23.956236576479185,0.7115033964549794,1.0,1.0
286,1.0,0.0059265750915392075,23.979747847674627,0.7129365559185252,1.0,1.0
287,1.0,0.0058735252470670345,23.958475580181805,0.7141946114512051,1.0,1.0
288,1.0,0.005929125568935436,23.961652802411653,0.7115757631554324,1.0,1.0
289,1.0,0.005975891375345385,23.965759271241993,0.711920463477864,1.0,1.0
290,1.0,0.005915346098784915,23.93881722162498,0.7099216827925514,1.0,1.0
291,1.0,0.005928269861834849,23.972380338022784,0.712404087080675,1.0,1.0
292,1.0,0.005994536338407479,23.963109771619948,0.7138332504384658,1.0,1.0
293,1.0,0.005961941567857465,23.954840478108768,0.7117534511930802,1.0,1.0
294,1.0,0.0059618279953559715,23.951629721776726,0.7080544537656448,1.0,1.0
295,1.0,0.005898145840553467,23.980969561347077,0.712889676584917,1.0,1.0
296,1.0,0.005917397019771223,23.948954768458965,0.7094943887345931,1.0,1.0
297,1.0,0.005980463322854328,23.963527745063967,0.713636218660018,1.0,1.0
298,1.0,0.005951232579676156,23.967720418368614,0.7130962717533111,1.0,1.0
299,1.0,0.005909058141471918,23.940176753332647,0.708535453712239,1.0,1.0
300,1.0,0.005912626351335806,23.94103954894504,0.7094863792026744,1.0,1.0
301,1.0,0.005918879898789222,23.972431048439407,0.7128234778432285,1.0,1.0
302,1.0,0.005914569395053351,23.947118654084246,0.7079949857908137,1.0,1.0
303,1.0,0.005951207850106105,23.960106150569715,0.7113720452785492,1.0,1.0
304,1.0,0.00591443245182048,23.95472211694653,0.711807413521935,1.0,1.0
305,1.0,0.005888318533222832,23.923132338103677,0.7072698692013236,1.0,1.0
306,1.0,0.005899555248035464,23.92120575253237,0.7093884185482474,1.0,1.0
307,1.0,0.005933396163993253,23.95039252049006,0.7139610114518334,1.0,1.0
308,1.0,0.005953166026644364,23.9428621960254,0.7105997407436371,1.0,1.0
309,1.0,0.00596713855695314,23.929286419196014,0.7097776561624863,1.0,1.0
310,1.0,0.005920367874985862,23.959816724410818,0.7107275773497189,1.0,1.0
311,1.0,0.005955771851481613,23.989810772356375,0.7152679789066315,1.0,1.0
312,1.0,0.005912388237918209,23.937751931013537,0.7092544144041398,1.0,1.0
313,1.0,0.005976309692431353,23.981269504432177,0.7136756655047921,1.0,1.0
314,1.0,0.005960405422318838,23.9573778026827,0.7125742661251742,1.0,1.0
315,1.0,0.005907339178315715,23.951619050855022,0.7092243133572971,1.0,1.0
316,1.0,0.0059269429719867464,23.935494181970785,0.712094262417625,1.0,1.0
317,1.0,0.0059663200117424575,23.63033369774627,0.7107440179235796,1.0,1.0
318,1.0,0.005956049970724804,23.946947471687032,0.7117692337316626,1.0,1.0
319,1.0,0.005972293503917084,23.968172762830093,0.7116202100585489,1.0,1.0
320,1.0,0.005915204907494212,23.994804978128876,0.7132698828332564,1.0,1.0
321,1.0,0.005913277772885419,23.94602094003735,0.7121136800681843,1.0,1.0
322,1.0,0.005939801582051608,23.971318469264627,0.7122294347426471,1.0,1.0
323,1.0,0.005919628145095117,23.993590585549352,0.713692970346002,1.0,1.0
324,1.0,0.0059486967422246574,23.985379446025004,0.7133023730446311,1.0,1.0
325,1.0,0.005918071785841338,23.949570815542074,0.7117149278696846,1.0,1.0
326,1.0,0.00595398328774525,23.96167276419629,0.7135886000184452,1.0,1.0
327,1.0,0.005883859763602297,23.918299081989005,0.7106611894859988,1.0,1.0
328,1.0,0.0059314676583884,23.985169792533068,0.7144024869974922,1.0,1.0
329,1.0,0.006017270445221377,23.801926310273608,0.7083275602144353,1.0,1.0
330,1.0,0.005996893891607394,23.984362585038394,0.7140331233248991,1.0,1.0
331,1.0,0.005950607880838439,23.967541806406054,0.7144337944423451,1.0,1.0
332,1.0,0.005916533268943518,23.952188841394445,0.7134426724209505,1.0,1.0
333,1.0,0.005910169753931953,23.973577317575916,0.7133108925819397,1.0,1.0
334,1.0,0.005936458716782445,23.95690754616585,0.7106083841884837,1.0,1.0
335,1.0,0.0059667914390876264,23.97854514435702,0.7132489993291743,1.0,1.0
336,1.0,0.005919372899803573,23.98948682414273,0.7133691191673279,1.0,1.0
337,1.0,0.005932255656553242,23.949151229705397,0.7110515361673692,1.0,1.0
338,1.0,0.005911964302893705,23.964963075118515,0.714140143324347,1.0,1.0
339,1.0,0.005915592831899663,23.985507033221577,0.712962365991929,1.0,1.0
340,1.0,0.005911621584886027,23.98848362142472,0.7132032102697036,1.0,1.0
341,1.0,0.005937393637273662,23.957260309933886,0.7108971808237188,1.0,1.0
342,1.0,0.0059474362896944945,23.965273167516052,0.7114916820385877,1.0,1.0
343,1.0,0.005946631205942994,23.974054000008458,0.7114856151272269,1.0,1.0
344,1.0,0.005974032762209455,23.977118275037753,0.711437102766598,1.0,1.0
345,1.0,0.005946437782067025,23.97941546088747,0.7124874987321741,1.0,1.0
346,1.0,0.005904953012878666,23.971331747546213,0.7123079376360949,1.0,1.0
347,1.0,0.005899914276234047,23.991938709667963,0.7143731179658105,1.0,1.0
348,1.0,0.005942707176649285,23.934499318412968,0.7108756840930266,1.0,1.0
349,1.0,0.0058955459243166235,23.960420317207692,0.7122697945903329,1.0,1.0
350,1.0,0.005911948618975407,23.981722029529173,0.7121942422670476,1.0,1.0
351,1.0,0.005952511514776838,23.959185085356715,0.7129080547304715,1.0,1.0
352,1.0,0.0059558148655348905,23.855635926766368,0.7113477288975435,1.0,1.0
353,1.0,0.005935592008475772,23.952001320270412,0.7116445661993588,1.0,1.0
354,1.0,0.005996602105567912,23.93651880047021,0.706816659745048,1.0,1.0
355,1.0,0.005894855068561559,24.00922595484173,0.7128136561898624,1.0,1.0
356,1.0,0.005881343850430971,23.94177998295593,0.7097809724246754,1.0,1.0
357,1.0,0.005917648194792742,23.947216660313266,0.7105302045625799,1.0,1.0
358,1.0,0.005902399940940434,23.96578160730483,0.7131175654074725,1.0,1.0
359,1.0,0.005924629332151955,23.985621117353798,0.71433724936317,1.0,1.0
360,1.0,0.0059115069972986945,23.948626957354456,0.7130440707767711,1.0,1.0
361,1.0,0.005934496161355052,23.97999592840998,0.7123581175243153,1.0,1.0
362,1.0,0.005968741570448804,23.992262739337818,0.7130794519536635,1.0,1.0
363,1.0,0.005872145186395881,24.007644538648734,0.7157230756563299,1.0,1.0
364,1.0,0.005919583750676787,23.988697876108453,0.7130887131831225,1.0,1.0
365,1.0,0.005947963362950051,23.973350636192926,0.7122232371218065,1.0,1.0
366,1.0,0.005929167527861581,23.947490104691433,0.7102098205510308,1.0,1.0
367,1.0,0.005925916872561692,23.98304965891605,0.7148140311942381,1.0,1.0
368,1.0,0.005940151439790061,24.010196215902084,0.713900072925231,1.0,1.0
369,1.0,0.005940001505889935,23.91908076341043,0.7121854028982275,1.0,1.0
370,1.0,0.005950290281883257,23.989356180229848,0.7138617489618414,1.0,1.0
371,1.0,0.0058805154678885805,23.985828102258004,0.7130938064350801,1.0,1.0
372,1.0,0.005958789305951067,23.966419200272952,0.7116009242394391,1.0,1.0
373,1.0,0.0059021154012597965,24.001808117522184,0.7131190973169663,1.0,1.0
374,1.0,0.005945584206970152,23.97284069255386,0.7136626292677487,1.0,1.0
375,1.0,0.005935691869232112,23.94895423458477,0.7127400339350981,1.0,1.0
376,1.0,0.005903904384481693,23.98432657622328,0.7133083971808939,1.0,1.0
377,1.0,0.005900082812828575,23.962641731971203,0.7131537348382613,1.0,1.0
378,1.0,0.005946532194419,23.966289721702502,0.713172552725848,1.0,1.0
379,1.0,0.00588744056706657,23.96586430291846,0.7112455459903269,1.0,1.0
380,1.0,0.005975043650961922,23.994757962068437,0.7129192606140585,1.0,1.0
381,1.0,0.005905874416812095,24.00111793842821,0.7129713597017177,1.0,1.0
382,1.0,0.0059252516480307734,24.008867119192224,0.7144868965008679,1.0,1.0
383,1.0,0.0059812711362174885,24.01300943165605,0.7143372803575853,1.0,1.0
384,1.0,0.005941376176378327,23.995868778539542,0.7143172349649317,1.0,1.0
385,1.0,0.005892800597730511,23.943161040356763,0.7084855659569012,1.0,1.0
386,1.0,0.005888416086864507,23.96259835792072,0.713424940810484,1.0,1.0
387,1.0,0.005899930906420697,23.9801750890172,0.7147769975662231,1.0,1.0
388,1.0,0.005919281277069432,23.977925769355263,0.711120188446606,1.0,1.0
389,1.0,0.005920376453526363,23.930143606075656,0.7117250443206113,1.0,1.0
390,1.0,0.00590509694348463,23.974941402979763,0.714916678386576,1.0,1.0
391,1.0,0.005930577031487298,23.970881591159603,0.7129805977905498,1.0,1.0
392,1.0,0.005882278416238859,23.9836246094616,0.714098513547112,1.0,1.0
393,1.0,0.005880050854590125,23.986312704796084,0.7136204814209658,1.0,1.0
394,1.0,0.005957778143490146,24.007741715189255,0.7147075637649087,1.0,1.0
395,1.0,0.005954045820200515,23.973585014979577,0.7161464724821203,1.0,1.0
396,1.0,0.005980646248438401,23.988774317505168,0.7136703658103943,1.0,1.0
397,1.0,0.005927908082721298,23.9837511889941,0.713953319016625,1.0,1.0
398,1.0,0.005931168941635929,23.97025501265631,0.7112262653603273,1.0,1.0
399,1.0,0.005896224816982261,23.960223566354255,0.711833326956805,1.0,1.0
400,1.0,0.005863604593553586,23.981733686461396,0.7130191022508284,1.0,1.0
401,1.0,0.005882608579237483,23.997755406123606,0.713668697721818,1.0,1.0
402,1.0,0.0058973756995788235,23.998213870647078,0.7143595167468576,1.0,1.0
403,1.0,0.005928052383179437,23.962813095148775,0.7125509705263026,1.0,1.0
404,1.0,0.005934447680494029,23.948334362375792,0.712824488177019,1.0,1.0
405,1.0,0.005942747325909709,23.990262408393257,0.7134377534950481,1.0,1.0
406,1.0,0.005911875816207089,23.976041647621887,0.7140219902992249,1.0,1.0
407,1.0,0.005890852330241374,23.967724405158965,0.715930040583891,1.0,1.0
408,1.0,0.0058872043725080835,23.992856026276538,0.7118549146371729,1.0,1.0
409,1.0,0.005988421880132602,23.9427753188153,0.7092343071629019,1.0,1.0
410,1.0,0.0059466202985383795,23.990208468385532,0.7122065917183371,1.0,1.0
411,1.0,0.005903227925077527,23.97098915489275,0.7130977713360506,1.0,1.0
412,1.0,0.005917391859128804,23.96320342670966,0.7109963466840632,1.0,1.0
413,1.0,0.005912268062395428,23.952533987132888,0.7091643312398125,1.0,1.0
414,1.0,0.005901455913006724,23.98026996693707,0.7129425705180449,1.0,1.0
415,1.0,0.005877374169266153,23.971594118063724,0.7102795396131628,1.0,1.0
416,1.0,0.005920529022567465,23.967840020487156,0.7134443010302151,1.0,1.0
417,1.0,0.005886369300281216,23.968253021144506,0.713768079140607,1.0,1.0
418,1.0,0.005870344941086041,23.953738581537188,0.7135778685878305,1.0,1.0
419,1.0,0.005880704442384892,23.978505640626516,0.7119780449306263,1.0,1.0
420,1.0,0.005848208632610158,23.949037785097083,0.7137206421880161,1.0,1.0
421,1.0,0.00583818124718741,23.973213931513335,0.7131107300169328,1.0,1.0
422,1.0,0.005930155287803469,23.980435865804903,0.714348917428185,1.0,1.0
423,1.0,0.005921884445573934,23.92646135816449,0.7098645831556881,1.0,1.0
424,1.0,0.005920696785885417,23.95565132526815,0.7130821589161368,1.0,1.0
425,1.0,0.005889963397901215,24.001205766314094,0.713867155453738,1.0,1.0
426,1.0,0.0059541898081357965,23.990688087889257,0.7132320016271928,1.0,1.0
427,1.0,0.005895707387544081,23.98513643763527,0.7116971244531519,1.0,1.0
428,1.0,0.005935340180301559,24.01176959958148,0.7151647218535928,1.0,1.0
429,1.0,0.005863242897980228,23.98215861326795,0.7144645040175494,1.0,1.0
430,1.0,0.0058909347536276555,23.96066684223145,0.7119386513794169,1.0,1.0
431,1.0,0.005892755153761831,23.98621795879822,0.7129193542284123,1.0,1.0
432,1.0,0.005926552461962143,23.988051376718808,0.7128460039110744,1.0,1.0
433,1.0,0.005906814198472543,24.00800242199487,0.7141769711410298,1.0,1.0
434,1.0,0.0058824394429158305,23.97320941885831,0.7119800349544076,1.0,1.0
435,1.0,0.00593653317719341,24.006176618729395,0.7154325694897595,1.0,1.0
436,1.0,0.005874517596142734,23.97351626871889,0.7116949483927558,1.0,1.0
437,1.0,0.0059910728099817285,23.952498780323133,0.7127270116525538,1.0,1.0
438,1.0,0.0059516361895614045,23.992190323711647,0.7149618815674501,1.0,1.0
439,1.0,0.0059441623342652876,24.006419242986002,0.7171830152062809,1.0,1.0
440,1.0,0.005883521122779853,24.002061006284894,0.7132921112986172,1.0,1.0
441,1.0,0.005892720048254478,23.971226582443556,0.7139154901925255,1.0,1.0
442,1.0,0.005908333773719158,23.994518383563516,0.7135621624834397,1.0,1.0
443,1.0,0.0059409799908628005,23.992334360904472,0.7118034524777356,1.0,1.0
444,1.0,0.005901960766801755,24.003961815377824,0.711115861640257,1.0,1.0
445,1.0,0.005900709260098948,23.99569052827292,0.7140145463803235,1.0,1.0
446,1.0,0.00585903161188621,23.984806316221487,0.7131656174098744,1.0,1.0
447,1.0,0.005906808794905504,23.973282151668023,0.7115195067489848,1.0,1.0
448,1.0,0.005904015911308056,24.003142803118784,0.7154677470992593,1.0,1.0
449,1.0,0.005880409438207656,23.989312543229538,0.7148439128258649,1.0,1.0
450,1.0,0.005841877748687824,23.94976271183924,0.712394129598842,1.0,1.0
451,1.0,0.005848373976497057,23.93618121444016,0.709245910504285,1.0,1.0
452,1.0,0.0059105081396723935,23.958532046550598,0.7130991712037255,1.0,1.0
453,1.0,0.005881544119025954,23.978397467498485,0.714565009579939,1.0,1.0
454,1.0,0.005919658607485409,24.013685626265016,0.715905737806769,1.0,1.0
455,1.0,0.005904856061752507,23.986284387074743,0.7118584307502298,1.0,1.0
456,1.0,0.005875165474093603,24.003460989407465,0.7138421860863181,1.0,1.0
457,1.0,0.0058716258636402514,23.997133485123236,0.7143604310821084,1.0,1.0
458,1.0,0.005871294781030295,23.94586280361827,0.7084718435652115,1.0,1.0
459,1.0,0.005909837477109925,23.96787457159709,0.7101913581876194,1.0,1.0
460,1.0,0.005896623681360733,23.950607328399535,0.7108895824937259,1.0,1.0
461,1.0,0.005904563477117858,23.970921429889916,0.7132522591422585,1.0,1.0
462,1.0,0.005895956312334109,23.930447079924804,0.7112523932316724,1.0,1.0
463,1.0,0.005936298930493301,23.979727438692677,0.713089179501814,1.0,1.0
464,1.0,0.005974595741240564,24.001400405569203,0.714656333432478,1.0,1.0
465,1.0,0.005825876478931147,24.003433046889164,0.7145498981195337,1.0,1.0
466,1.0,0.005867442571875935,24.005493984182948,0.7140810169893153,1.0,1.0
467,1.0,0.005901202170434826,23.94069536058264,0.7146885782129624,1.0,1.0
468,1.0,0.005914798375375257,23.989819763227466,0.7112778434332679,1.0,1.0
469,1.0,0.0059464840341114,24.012431781818613,0.7143381058468539,1.0,1.0
470,1.0,0.005919939877833435,24.022387588618574,0.714082787247265,1.0,1.0
471,1.0,0.00591934063566659,24.006830961928184,0.7149453986392301,1.0,1.0
472,1.0,0.005843418905188045,23.99418871038812,0.7137468321183148,1.0,1.0
473,1.0,0.005873613589761143,23.993786887366912,0.7135374890355503,1.0,1.0
474,1.0,0.005883584361924918,23.993931928366553,0.7134154729983386,1.0,1.0
475,1.0,0.005930040466883582,23.971359366241863,0.7126009071574492,1.0,1.0
476,1.0,0.005929008669437405,23.922892266568752,0.713100837539224,1.0,1.0
477,1.0,0.005894776054596651,23.97200702741312,0.7100243914828581,1.0,1.0
478,1.0,0.005883798362453005,24.020027943658743,0.7143909744655385,1.0,1.0
479,1.0,0.0058745784854549845,23.962819481223466,0.712789756971247,1.0,1.0
480,1.0,0.005887869358575808,23.979542428221194,0.7134103107452393,1.0,1.0
481,1.0,0.005959384541757806,23.988529118364976,0.7135981448257671,1.0,1.0
482,1.0,0.005886248660881719,23.983532982644626,0.7157400122810813,1.0,1.0
483,1.0,0.005895734517137983,23.925612568904718,0.710762764636208,1.0,1.0
484,1.0,0.005916041863892606,24.008079051019205,0.7161342114560745,1.0,1.0
485,1.0,0.005893786502611673,23.997821922112948,0.7125382605720969,1.0,1.0
486,1.0,0.005925247315540463,23.931124993929515,0.7126029758593615,1.0,1.0
487,1.0,0.005943152557411594,24.019662645922356,0.7168279281083275,1.0,1.0
488,1.0,0.005899179317280204,23.97071240528019,0.7151760299766765,1.0,1.0
489,1.0,0.005945711300937001,23.993141673620073,0.7123497726636775,1.0,1.0
490,1.0,0.005852364233979387,23.988557685967585,0.7117992255266975,1.0,1.0
491,1.0,0.005878614729080729,24.00290632314566,0.7142947869441089,1.0,1.0
492,1.0,0.005866990661148183,24.011693561865094,0.7139471451675191,1.0,1.0
493,1.0,0.005957926706505749,23.98092054041055,0.7129366636977477,1.0,1.0
494,1.0,0.005884250068401327,23.97985148141464,0.7110587235058056,1.0,1.0
495,1.0,0.005931499880587983,23.932719778737397,0.7127034542139838,1.0,1.0
496,1.0,0.0059238216653466225,24.00082331960478,0.7151530068060931,1.0,1.0
497,1.0,0.005892071217343122,23.9687813070744,0.7128906385337606,1.0,1.0
498,1.0,0.005908381934361365,23.96630514235076,0.7092041587128358,1.0,1.0
499,1.0,0.005908581039639647,24.024534517933716,0.7155736689707812,1.0,1.0
500,1.0,0.005927672399776781,23.947931745090074,0.7124463358346154,1.0,1.0
501,1.0,0.005916933396463087,24.014597309722813,0.7161088712075178,1.0,1.0
502,1.0,0.005850772827328322,24.01241284117877,0.7138793142402873,1.0,1.0
503,1.0,0.005918036676876381,23.978702625456112,0.7104729324929855,1.0,1.0
504,1.0,0.005850264472875766,24.016711562946536,0.7156887108438155,1.0,1.0
505,1.0,0.005843366691229229,24.016050821523436,0.7157793030318091,1.0,1.0
506,1.0,0.00585736381012701,23.976794970035673,0.7106875423122855,1.0,1.0
507,1.0,0.005907943635777442,23.9978250895156,0.7128698945045471,1.0,1.0
508,1.0,0.005910312959779344,23.969009821318025,0.7117401760465959,1.0,1.0
509,1.0,0.005887877804165829,23.967592839144928,0.713393138927572,1.0,1.0
510,1.0,0.005950464623684655,24.009317041198074,0.7173905702198253,1.0,1.0
511,1.0,0.005849976836742756,23.980591158363506,0.7126294226506177,1.0,1.0
512,1.0,0.00584303026371998,23.96405979818965,0.714259120015537,1.0,1.0
513,1.0,0.005871866478356059,23.996467645852533,0.713757277727127,1.0,1.0
514,1.0,0.005853088156928024,24.009782973313385,0.7130607872850755,1.0,1.0
515,1.0,0.005907818584028118,23.990798070342663,0.7121774549344007,1.0,1.0
516,1.0,0.00585430024860951,23.977675714092577,0.7136375179010279,1.0,1.0
517,1.0,0.005910451355986966,23.962695217167074,0.7122643268809599,1.0,1.0
518,1.0,0.00588869218898569,23.947009696334284,0.7158320074221667,1.0,1.0
519,1.0,0.005883207069765665,23.983423610531585,0.7135168917038861,1.0,1.0
520,1.0,0.0059115026639161,23.863998378757934,0.7112136208309847,1.0,1.0
521,1.0,0.005943230348388235,23.950977680315905,0.7127846490635591,1.0,1.0
522,1.0,0.005873446795687883,24.0127413969552,0.7127181378532859,1.0,1.0
523,1.0,0.005909070688115801,23.988205868138998,0.7141545170194963,1.0,1.0
524,1.0,0.005844574052684321,24.002605497793375,0.7138123978586758,1.0,1.0
525,1.0,0.005835970309813936,24.014309388840278,0.7146703685031218,1.0,1.0
526,1.0,0.005904761590509715,24.015908620188412,0.7143831943764406,1.0,1.0
527,1.0,0.005865918688342243,24.008264429733494,0.712791819712695,1.0,1.0
528,1.0,0.005931908762762825,24.01453367953616,0.7140438783168793,1.0,1.0
529,1.0,0.005907336180906988,24.006027507412572,0.7147196462575127,1.0,1.0
530,1.0,0.005880163448143327,23.947267131323215,0.7126711917624754,1.0,1.0
531,1.0,0.005879010763800073,24.0185860075232,0.7144844044657315,1.0,1.0
532,1.0,0.005813432450735284,24.004046159332525,0.7147138351552627,1.0,1.0
533,1.0,0.005892205011032656,23.979121751870075,0.7138797785254086,1.0,1.0
534,1.0,0.0058916059409653,24.008829996570707,0.7145787124072804,1.0,1.0
535,1.0,0.005926185928307429,24.01065521125622,0.7125827752842623,1.0,1.0
536,1.0,0.005816960142155786,24.013753476621144,0.7145301678601433,1.0,1.0
537,1.0,0.005853581282416147,23.979036392275212,0.7114847189538619,1.0,1.0
538,1.0,0.005881596982791395,23.994626420049173,0.714235554372563,1.0,1.0
539,1.0,0.005845892866459971,24.002060478899256,0.7115540373325348,1.0,1.0
540,1.0,0.005837093208453613,24.010932585161797,0.7153502030232374,1.0,1.0
541,1.0,0.005885508899203318,24.002471292908616,0.7153292512192445,1.0,1.0
542,1.0,0.005864130764151226,23.995420102047895,0.7131063563683454,1.0,1.0
543,1.0,0.005863726386677719,24.000690642291755,0.7142445368626539,1.0,1.0
544,1.0,0.00589861453404862,23.970542415969206,0.7119208626887378,1.0,1.0
545,1.0,0.005913448603321871,23.91523067100719,0.7123115118110881,1.0,1.0
546,1.0,0.0058765660652411195,23.97259963640569,0.7142246688814724,1.0,1.0
547,1.0,0.005923592063213537,24.010257014518896,0.7146961604847627,1.0,1.0
548,1.0,0.005859739688297588,23.907128905682434,0.7096665243541493,1.0,1.0
549,1.0,0.0059369577638091085,23.96904356600721,0.7123253466101254,1.0,1.0
550,1.0,0.005869066433836064,23.99843186846224,0.7143836595731623,1.0,1.0
551,1.0,0.005880459312148794,23.96980447898537,0.7145935774550718,1.0,1.0
552,1.0,0.005866883518118523,24.00412602100484,0.7148430482780233,1.0,1.0
553,1.0,0.005916673503035378,23.978739211156647,0.712664369134342,1.0,1.0
554,1.0,0.005897973841669674,23.9489432901494,0.7114290697434369,1.0,1.0
555,1.0,0.005873446883689501,23.97428727930216,0.7119258838541368,1.0,1.0
556,1.0,0.005922024907756173,24.017830704203394,0.7138115065939287,1.0,1.0
557,1.0,0.005801139472799744,23.998633493504357,0.7114980764248792,1.0,1.0
558,1.0,0.005906154207974494,23.966958076798367,0.7122643454635844,1.0,1.0
559,1.0,0.005900497174414689,24.01188194352863,0.7128338308895336,1.0,1.0
560,1.0,0.0058502917910764314,23.984786195741012,0.7144568869646858,1.0,1.0
561,1.0,0.005912916712284445,23.98102706087557,0.7141229198960697,1.0,1.0
562,1.0,0.005845300381568199,23.976166326199753,0.7104616735963261,1.0,1.0
563,1.0,0.005859665814117935,23.978422655109625,0.7127461094716016,1.0,1.0
564,1.0,0.005832388630014158,24.021430285994466,0.7152372256447287,1.0,1.0
565,1.0,0.005856233075997252,24.03778486238196,0.7153584523761973,1.0,1.0
566,1.0,0.005842417042680129,23.971273057234768,0.7123817293784198,1.0,1.0
567,1.0,0.0059156613905138955,24.01475085972229,0.7149682394196005,1.0,1.0
568,1.0,0.005827947991069206,23.99357394043804,0.7128660478311426,1.0,1.0
569,1.0,0.005908110079071122,23.93788306604079,0.7142065215110779,1.0,1.0
570,1.0,0.005884349462938701,23.961982027057175,0.7122743413027595,1.0,1.0
571,1.0,0.005878775993774751,23.96784507028191,0.7148802415763631,1.0,1.0
572,1.0,0.005855993159271464,23.976779586589142,0.714155682886348,1.0,1.0
573,1.0,0.005934208734128289,23.989372312585616,0.7130834518460667,1.0,1.0
574,1.0,0.005890851391668984,24.026574979875285,0.7159374290354111,1.0,1.0
575,1.0,0.005889266795160885,24.004623344311234,0.7135261715860928,1.0,1.0
576,1.0,0.005933435637793855,24.017589242147146,0.7159920553600087,1.0,1.0
577,1.0,0.0058578712451913045,23.79385198151366,0.71459988860523,1.0,1.0
578,1.0,0.005887683792162441,24.006757735181168,0.7147491417211644,1.0,1.0
579,1.0,0.005913599428614813,23.981479876179442,0.7123153401122374,1.0,1.0
580,1.0,0.005836566946396749,23.974140519160585,0.7135322783273809,1.0,1.0
581,1.0,0.0058439468324719785,23.96805821942177,0.7103272039048812,1.0,1.0
582,1.0,0.005830299964029632,23.989781419677062,0.7139257744480582,1.0,1.0
583,1.0,0.0058674190342872445,24.006934741605814,0.7161885800782372,1.0,1.0
584,1.0,0.005858365881541175,23.92927569323371,0.713089113515966,1.0,1.0
585,1.0,0.0058663940373919685,24.03200690293503,0.7165585249311783,1.0,1.0
586,1.0,0.005825426594917468,24.00145578912887,0.7128750793372883,1.0,1.0
587,1.0,0.005871541630922856,23.99342835904708,0.7130948235006893,1.0,1.0
588,1.0,0.005880296707354084,23.957330113265414,0.7137387365453384,1.0,1.0
589,1.0,0.005859496437325449,24.007311646428846,0.712753927637549,1.0,1.0
590,1.0,0.005842572739961261,24.022165802980297,0.7151753827403573,1.0,1.0
591,1.0,0.005866942340563871,24.023827213824063,0.7161172260256374,1.0,1.0
592,1.0,0.0058790550156758575,24.010805479584295,0.7138861428990083,1.0,1.0
593,1.0,0.005930166087353123,24.00853274087447,0.7157602829792921,1.0,1.0
594,1.0,0.005817621793196408,23.997291877531808,0.7149492709776935,1.0,1.0
595,1.0,0.005846646371671183,24.04872301712406,0.716664881846484,1.0,1.0
596,1.0,0.005912106796251443,23.98636986897938,0.7130026421126198,1.0,1.0
597,1.0,0.005851633184126573,24.02620813459216,0.7138158018448774,1.0,1.0
598,1.0,0.0058945426584673145,24.036045845279297,0.7170921779380125,1.0,1.0
599,1.0,0.00589425723174375,24.03008715417399,0.7149976597813998,1.0,1.0
600,1.0,0.005894450431767695,24.018269715615013,0.7152080856351292,1.0,1.0
601,1.0,0.005873499548809971,24.012591721705576,0.7152066342269673,1.0,1.0
602,1.0,0.005869245849170549,24.009568966633577,0.7146095848083496,1.0,1.0
603,1.0,0.005800508120861239,24.005708718697242,0.713710002969293,1.0,1.0
604,1.0,0.005850451297857269,23.941290118030658,0.7138888913042405,1.0,1.0
605,1.0,0.005924995085949491,24.02025325217557,0.7148867421290453,1.0,1.0
606,1.0,0.005835586511780937,23.848855081636174,0.7106699085936827,1.0,1.0
607,1.0,0.0058760442333797855,23.97317862649887,0.711643845614265,1.0,1.0
608,1.0,0.005867821174021253,24.00614210755487,0.7133495862343732,1.0,1.0
609,1.0,0.005865280288243722,24.007294527072638,0.7156240997594946,1.0,1.0
610,1.0,0.005817634615444852,23.996938654537814,0.715518271782819,1.0,1.0
611,1.0,0.0058857870357345325,24.021670747079607,0.7150560779431286,1.0,1.0
612,1.0,0.00592187649966357,23.99174972524859,0.7147639038983513,1.0,1.0
613,1.0,0.005876259634683946,24.022250056610087,0.7142341536634108,1.0,1.0
614,1.0,0.0058137477037613974,23.97295749909062,0.7109290571072522,1.0,1.0
615,1.0,0.005896539350603512,24.006694516852534,0.7119581494611852,1.0,1.0
616,1.0,0.005826757522578725,24.00067534325546,0.7127750508224263,1.0,1.0
617,1.0,0.005868660128357525,23.997608645019728,0.7133237322639017,1.0,1.0
618,1.0,0.005827225169869597,23.983514710013512,0.7120117352289312,1.0,1.0
619,1.0,0.0059219932848375715,23.929706051679073,0.7093564688458163,1.0,1.0
620,1.0,0.005829334462251135,23.9180017480625,0.7116309359494377,1.0,1.0
621,1.0,0.005877978747744046,24.022187850817023,0.7165701155802783,1.0,1.0
622,1.0,0.005895204466327043,23.983229752948656,0.7133906905090107,1.0,1.0
623,1.0,0.005893229151780377,23.966611682840295,0.7128732802587397,1.0,1.0
624,1.0,0.005837334445761349,23.974713731352438,0.7115552398036508,1.0,1.0
625,1.0,0.005881239941600197,23.986692462001905,0.7124583505181705,1.0,1.0
626,1.0,0.005800587751172081,24.047736276656522,0.7166571881490595,1.0,1.0
627,1.0,0.005839633871159868,24.021945843433123,0.7140070289022782,1.0,1.0
628,1.0,0.005928199410683916,23.981145502205603,0.7130584873171414,1.0,1.0
629,1.0,0.005833776913538665,24.040508655076845,0.7162117071712718,1.0,1.0
630,1.0,0.005865778529090796,24.0380204968963,0.7165667862050673,1.0,1.0
631,1.0,0.00588210543851831,23.978027060178793,0.7144282039474038,1.0,1.0
632,1.0,0.005910776322651766,23.98321968906737,0.7139209055199343,1.0,1.0
633,1.0,0.005811989187837361,24.007545253054083,0.7136828488462111,1.0,1.0
634,1.0,0.005879173887012426,24.031867056326142,0.7174944569082821,1.0,1.0
635,1.0,0.005906564825197715,23.993646332997216,0.7156792760596555,1.0,1.0
636,1.0,0.005878331760379547,24.023501857230674,0.7164187263741213,1.0,1.0
637,1.0,0.005822003906269273,24.004672098432916,0.7146546992834877,1.0,1.0
638,1.0,0.0058754346297752716,23.949319923031524,0.7120563120701734,1.0,1.0
639,1.0,0.005864719356895386,24.00700638501246,0.7139752087873571,1.0,1.0
640,1.0,0.005943898163334339,23.98852118288645,0.7153911185965819,1.0,1.0
641,1.0,0.005861288240837479,24.026582583917172,0.7146650237896863,1.0,1.0
642,1.0,0.005884186239678881,23.992215167164726,0.7150445164652431,1.0,1.0
643,1.0,0.005877271655857741,23.997733761812153,0.7133346454536214,1.0,1.0
644,1.0,0.005865166009387035,24.030133789319457,0.7148988995131325,1.0,1.0
645,1.0,0.005851664791876328,23.98895390981805,0.7117878414602841,1.0,1.0
646,1.0,0.00581691680922212,24.00223846791691,0.7120931930401746,1.0,1.0
647,1.0,0.005898299867030746,23.985509680219156,0.7140230749635136,1.0,1.0
648,1.0,0.005790363243351618,24.023437832579276,0.714969118903665,1.0,1.0
649,1.0,0.005811905156553327,24.036645738364363,0.7145671362035415,1.0,1.0
650,1.0,0.005859085090993764,24.011836164378746,0.7133791072929607,1.0,1.0
651,1.0,0.0058674752879553215,24.02735393167727,0.7166723862115074,1.0,1.0
652,1.0,0.005856919002323272,24.003387705816532,0.7161063021772048,1.0,1.0
653,1.0,0.005905707520683726,24.02021333823199,0.7138567351593691,1.0,1.0
654,1.0,0.005813515678070441,24.02434930773811,0.7157899795560276,1.0,1.0
655,1.0,0.005876657582127941,23.990334856172957,0.7120276479160085,1.0,1.0
656,1.0,0.005869179816169297,23.971145847909575,0.7153366180027232,1.0,1.0
657,1.0,0.0058072043310650094,23.99620967830309,0.7147798428815954,1.0,1.0
658,1.0,0.005842568908265964,23.89050140323272,0.711441469893736,1.0,1.0
659,1.0,0.005800441148060703,23.97820895347605,0.7121894850450403,1.0,1.0
660,1.0,0.0058528161827407915,23.983248556453827,0.7129815316200256,1.0,1.0
661,1.0,0.005782571968672697,24.00109762962518,0.7137447141198551,1.0,1.0
662,1.0,0.0058696408433739295,24.037895489278842,0.7168535470261294,1.0,1.0
663,1.0,0.005855060712975299,24.02044441387232,0.7169003488035763,1.0,1.0
664,1.0,0.0058615270825827905,23.984250586052717,0.7134214985370636,1.0,1.0
665,1.0,0.0058595040671438154,24.018988169366104,0.7141276989964878,1.0,1.0
666,1.0,0.0058754422536822495,23.98505437290735,0.7141024733992184,1.0,1.0
667,1.0,0.0059027501650734575,24.031516110549344,0.7162243934238658,1.0,1.0
668,1.0,0.005849253703912575,24.045951904045463,0.7178082655457889,1.0,1.0
669,1.0,0.005839567264307758,23.98220523612204,0.7130576876331778,1.0,1.0
670,1.0,0.005883913372537333,23.993756504758835,0.7120951385357801,1.0,1.0
671,1.0,0.0058393260361459445,23.9928089891122,0.7129934864885666,1.0,1.0
672,1.0,0.00588282941433484,23.998733510830604,0.7155424124353073,1.0,1.0
673,1.0,0.00584654253489243,23.995900730777038,0.7132300869156333,1.0,1.0
674,1.0,0.0058291677258417995,24.00079324995267,0.7133603072166443,1.0,1.0
675,1.0,0.005826506723432305,24.018911469916024,0.7164541834943434,1.0,1.0
676,1.0,0.0058983587877389915,24.00314623027011,0.7149465645762051,1.0,1.0
677,1.0,0.005845799246457166,24.027481864626814,0.716087731964448,1.0,1.0
678,1.0,0.0058110150825343805,24.000750519036266,0.7140818081883823,1.0,1.0
679,1.0,0.005888860526042963,24.01417896360179,0.7149530100822449,1.0,1.0
680,1.0,0.005855577527071366,24.01874519556655,0.7137721697723164,1.0,1.0
681,1.0,0.005862884464043522,24.023697861258707,0.7129670213951784,1.0,1.0
682,1.0,0.005845497723468049,23.995392107746408,0.7132926913569956,1.0,1.0
683,1.0,0.005822909731462509,24.014649370091202,0.7161427847778096,1.0,1.0
684,1.0,0.005851242961417772,23.97162731158469,0.7102872483870563,1.0,1.0
685,1.0,0.005875662900061308,23.99122026076817,0.7121937955828274,1.0,1.0
686,1.0,0.0059003340051381175,24.015286138843823,0.7152425084394567,1.0,1.0
687,1.0,0.005876078016409081,23.96972717163525,0.7109330441671259,1.0,1.0
688,1.0,0.005853763647533641,24.026452788962548,0.7133208872290219,1.0,1.0
689,1.0,0.005892318032548099,24.006621287804847,0.7135752665295321,1.0,1.0
690,1.0,0.005870184343263596,24.02408958042018,0.7138871901175555,1.0,1.0
691,1.0,0.005855569331655781,24.034987916496945,0.7146268755548141,1.0,1.0
692,1.0,0.005827019926562102,24.00844558765033,0.7143518586719737,1.0,1.0
693,1.0,0.005789741631374209,23.96485589395226,0.707345626003602,1.0,1.0
694,1.0,0.005872646169458142,23.99776913172864,0.7162282321733587,1.0,1.0
695,1.0,0.005857810444215279,24.020370103388252,0.713315622105318,1.0,1.0
696,1.0,0.005902978903697636,24.029465129688422,0.7157213283987607,1.0,1.0
697,1.0,0.005844842858367159,24.00977770882293,0.7130035783262814,1.0,1.0
698,1.0,0.005813536196724026,23.992166537293617,0.7153742040606106,1.0,1.0
699,1.0,0.00588377641302026,24.0039444192334,0.7154079549452838,1.0,1.0
700,1.0,0.005858857587849844,24.00023296677649,0.7131764964496388,1.0,1.0
701,1.0,0.005796138434866053,24.028940505667418,0.7143463427179,1.0,1.0
702,1.0,0.005843854548443042,23.988755273407612,0.7146416877999026,1.0,1.0
703,1.0,0.005835482195510479,23.993972084581294,0.7148212894972633,1.0,1.0
704,1.0,0.005895779626388214,24.009935114330272,0.7134691124102649,1.0,1.0
705,1.0,0.005910812041047447,23.996231066164547,0.7145304609046262,1.0,1.0
706,1.0,0.005889450158856943,24.023485326365993,0.716150466484182,1.0,1.0
707,1.0,0.005814437726122177,24.012771120951477,0.7138576048261979,1.0,1.0
708,1.0,0.005868195190267292,24.00766850379704,0.7155287225106183,1.0,1.0
709,1.0,0.0058392538391276744,23.98297788406591,0.7124744237170499,1.0,1.0
710,1.0,0.0058608050286368335,24.019698362944133,0.7136586539184346,1.0,1.0
711,1.0,0.005888166588669765,23.99870289891203,0.7132196414470673,1.0,1.0
712,1.0,0.005819604216355407,24.030058072453357,0.714175084548838,1.0,1.0
713,1.0,0.005815587811015858,24.02399014534548,0.716482886356466,1.0,1.0
714,1.0,0.0058194330584503216,24.014170285977194,0.7140785585431492,1.0,1.0
715,1.0,0.0058936978601097706,24.04411796293062,0.7174050906826468,1.0,1.0
716,1.0,0.0058590199961187596,23.998230234059065,0.7140715382379644,1.0,1.0
717,1.0,0.005843057972072306,23.978278155776636,0.713237177624422,1.0,1.0
718,1.0,0.005864867540243678,23.986555382742893,0.7134209953336155,1.0,1.0
719,1.0,0.005824395329496282,24.010788110831392,0.7143645889618817,1.0,1.0
720,1.0,0.005884055645166043,23.99296251864829,0.7109431248552659,1.0,1.0
721,1.0,0.005818517998887036,23.937016966334586,0.7099108612537384,1.0,1.0
722,1.0,0.0058403755794697535,23.952796695604004,0.7149790262474733,1.0,1.0
723,1.0,0.005861366712293046,24.001753002166964,0.7153617875015035,1.0,1.0
724,1.0,0.005825565417302761,23.998330788511453,0.7135495781197267,1.0,1.0
725,1.0,0.005802807366018166,24.032795092672515,0.7137129263316884,1.0,1.0
726,1.0,0.005901039529725641,24.036112039032687,0.7153213119506836,1.0,1.0
727,1.0,0.005870086329425881,24.00017756762045,0.7134996962547302,1.0,1.0
728,1.0,0.005773221796411954,23.989073457579178,0.7126763320670408,1.0,1.0
729,1.0,0.005819768834145304,23.99825504298545,0.7129701928531422,1.0,1.0
730,1.0,0.005825088567206424,23.996346189140368,0.7124310597251443,1.0,1.0
731,1.0,0.00585406204016355,24.000568248492318,0.7150941067583421,1.0,1.0
732,1.0,0.005890373141019644,23.978969587943713,0.7133448964006761,1.0,1.0
733,1.0,0.005881060648954914,24.010842585323694,0.7160055811966167,1.0,1.0
734,1.0,0.005845370441675186,23.97843273011318,0.7130181945772732,1.0,1.0
735,1.0,0.005792272420053532,24.0228757395904,0.7132835468825172,1.0,1.0
736,1.0,0.005880384806900503,23.981918868528936,0.7130038949321298,1.0,1.0
737,1.0,0.005803364695323085,24.01851665645188,0.7129908384996302,1.0,1.0
738,1.0,0.005864040835085743,24.015990629659733,0.7159754560975468,1.0,1.0
739,1.0,0.005832829388070428,24.007333506431756,0.7138919586293837,1.0,1.0
740,1.0,0.0058549562171324645,24.009011130897996,0.7155746711001677,1.0,1.0
741,1.0,0.005877516131491183,24.014831313547656,0.712733718437307,1.0,1.0
742,1.0,0.005829000601623051,23.96189100705637,0.716941059477189,1.0,1.0
743,1.0,0.005815012427102663,24.03118399544394,0.7142355843852548,1.0,1.0
744,1.0,0.005820266991229115,24.006408178982618,0.7152640048896565,1.0,1.0
745,1.0,0.0058807503396344045,24.027951094618967,0.7162241367732778,1.0,1.0
746,1.0,0.005859496282513984,23.97913845246414,0.7133973929461311,1.0,1.0
747,1.0,0.005805138169849169,24.025232002161797,0.71459005446995,1.0,1.0
748,1.0,0.0058454592396577675,24.006302279238476,0.7131483925090116,1.0,1.0
749,1.0,0.005816648963638052,24.024545273523938,0.7142849044940051,1.0,1.0
750,1.0,0.005880977489768031,23.995488502459406,0.71177035037209,1.0,1.0
751,1.0,0.005838879331901759,24.004568791753282,0.7137601755647098,1.0,1.0
752,1.0,0.005852823198890079,24.002603388514885,0.7122634397534763,1.0,1.0
753,1.0,0.005806298127877498,24.025175871810497,0.7154743382510017,1.0,1.0
754,1.0,0.005834720816552461,23.998208856040737,0.7137880263609044,1.0,1.0
755,1.0,0.00592985204671939,24.029469322232533,0.7159496868357939,1.0,1.0
756,1.0,0.005876755132869689,24.03219152498813,0.7157832238954657,1.0,1.0
757,1.0,0.005818032723054022,23.99735444094166,0.7130521195776323,1.0,1.0
758,1.0,0.005855704815667904,24.02387863892578,0.7171978185457342,1.0,1.0
759,1.0,0.005846915454631616,24.011202047209416,0.7128191967571483,1.0,1.0
760,1.0,0.005902377609051987,24.010887848633296,0.7150898077908684,1.0,1.0
761,1.0,0.005789938847015718,24.032228972191838,0.7159494240844951,1.0,1.0
762,1.0,0.005804972733164619,23.968639143890922,0.7125192540533403,1.0,1.0
763,1.0,0.005843103689303298,23.99100586612571,0.7140677938741796,1.0,1.0
764,1.0,0.00587408948488935,24.03276131604609,0.7147945223135107,1.0,1.0
765,1.0,0.005846834477416412,23.97968450000192,0.7139946598165176,1.0,1.0
766,1.0,0.005883264965572935,24.002637927821162,0.713783041379031,1.0,1.0
767,1.0,0.005860234421460393,24.03461654672339,0.7146012185601627,1.0,1.0
768,1.0,0.005855981427730022,24.0321127014972,0.7161996605817009,1.0,1.0
769,1.0,0.005914261947179626,24.00928545077064,0.7158732175827026,1.0,1.0
770,1.0,0.005825834733818819,24.025029247516972,0.7146980427293217,1.0,1.0
771,1.0,0.005836370115776262,23.94571881967456,0.709209839035483,1.0,1.0
772,1.0,0.00582741385872314,24.039098865085382,0.7152967109399684,1.0,1.0
773,1.0,0.00582378661382698,23.99957868401419,0.7136217531035928,1.0,1.0
774,1.0,0.0058200317621231075,24.037497690051165,0.7154356755929835,1.0,1.0
775,1.0,0.005845981189746878,24.028613173161702,0.7143808805942535,1.0,1.0
776,1.0,0.005789784295986334,24.02083143802763,0.7154201444457559,1.0,1.0
777,1.0,0.005823758721663923,23.990878704746848,0.7154080057845397,1.0,1.0
778,1.0,0.005812693182155936,24.044593493842417,0.7159775076192968,1.0,1.0
779,1.0,0.005849652254095156,23.996195419670265,0.7115373354799607,1.0,1.0
780,1.0,0.005844861153334736,23.978617787863104,0.7122383957750658,1.0,1.0
781,1.0,0.005855969159813698,24.027211837795463,0.7155260572713964,1.0,1.0
782,1.0,0.005832642528401342,23.9932817158704,0.7143087394097272,1.0,1.0
783,1.0,0.005851013355269404,24.0163112928545,0.7127857897562139,1.0,1.0
784,1.0,0.0058389172401881505,24.021145443137996,0.7144025505290312,1.0,1.0
785,1.0,0.0058432724766299396,23.993340902180886,0.7133321668821223,1.0,1.0
786,1.0,0.005846896746647572,23.949356490182694,0.7148968127895804,1.0,1.0
787,1.0,0.00586430510249502,23.99355544579509,0.7129858221727259,1.0,1.0
788,1.0,0.005778816119059474,24.024151496625223,0.71538453466752,1.0,1.0
789,1.0,0.0057908507771120814,24.029739470761015,0.7152500369268305,1.0,1.0
790,1.0,0.005811648130483791,24.023759258291374,0.7165982308107264,1.0,1.0
791,1.0,0.005880896126751058,23.989020825231414,0.7130877817378325,1.0,1.0
792,1.0,0.005793400839038059,24.01119336363461,0.7130733803440543,1.0,1.0
793,1.0,0.0058341866027853805,23.98726137407276,0.714276608509176,1.0,1.0
794,1.0,0.00581449323584755,23.99301800991632,0.7118007851348204,1.0,1.0
795,1.0,0.005822369197416984,24.010515464940188,0.7131708250326269,1.0,1.0
796,1.0,0.005863135116409042,24.00422169493617,0.7133492959948147,1.0,1.0
797,1.0,0.005832106730382064,24.01231550603216,0.7161623948461869,1.0,1.0
798,1.0,0.00589088678549596,24.048827887515376,0.7158888010417714,1.0,1.0
799,1.0,0.005799191614311791,23.973576521292,0.7110348979865804,1.0,1.0
800,1.0,0.005753790449774907,24.046938788987337,0.7170087890765247,1.0,1.0
801,1.0,0.005798205859557597,24.009700846535612,0.7157552509448107,1.0,1.0
802,1.0,0.005837883876781621,24.010408612557622,0.715899717948016,1.0,1.0
803,1.0,0.005862402141785729,24.045185941387807,0.7155087501161239,1.0,1.0
804,1.0,0.005903896949627621,24.004070144345505,0.7140962191890268,1.0,1.0
805,1.0,0.005844760920272437,24.014340942745022,0.7152420906459585,1.0,1.0
806,1.0,0.005830385030029777,24.003744622154596,0.712746528597439,1.0,1.0
807,1.0,0.005823474118742579,24.006713482447747,0.7158763259298662,1.0,1.0
808,1.0,0.005802921515716586,24.032170575362684,0.7161217132736655,1.0,1.0
809,1.0,0.005826573178484411,24.01969127208818,0.7144782668702743,1.0,1.0
810,1.0,0.005824897011998528,24.003145703016237,0.7140911599467782,1.0,1.0
811,1.0,0.005831350016625163,24.008406354963462,0.7151031815304476,1.0,1.0
812,1.0,0.005837621267238063,24.018685566405406,0.7156728014525245,1.0,1.0
813,1.0,0.005880554430409819,24.033262963567978,0.7154591523899752,1.0,1.0
814,1.0,0.0058417840765978765,24.052666956679836,0.71729042579146,1.0,1.0
815,1.0,0.005818568954277716,24.034049616611767,0.7146837187514585,1.0,1.0
816,1.0,0.005812166337883044,24.014709054695192,0.7147494805560393,1.0,1.0
817,1.0,0.005847433949569742,24.026636336247343,0.7156783830418306,1.0,1.0
818,1.0,0.005821649063668565,24.01312805606134,0.7153370701565462,1.0,1.0
819,1.0,0.0058353984684956645,24.038765760525898,0.7150732465351329,1.0,1.0
820,1.0,0.005877022468735893,24.033723192528132,0.717150166946299,1.0,1.0
821,1.0,0.0058447680934639035,24.054114298767658,0.7151854590808644,1.0,1.0
822,1.0,0.005873413125086509,24.02386998066047,0.7145528997393216,1.0,1.0
823,1.0,0.005824561561987607,24.005468689602516,0.7136780660993912,1.0,1.0
824,1.0,0.005832094030153608,24.017206921664588,0.7152280226875753,1.0,1.0
825,1.0,0.005793794408373669,24.05175593142669,0.7163266123743618,1.0,1.0
826,1.0,0.005776525269413066,24.062488410257338,0.7170749397838817,1.0,1.0
827,1.0,0.005889941955174872,24.024062557392973,0.7156920825733858,1.0,1.0
828,1.0,0.005827106214435157,23.99921905034027,0.7140649094301111,1.0,1.0
829,1.0,0.005866135365502563,24.052630988490982,0.7155201982750612,1.0,1.0
830,1.0,0.005728768626685271,24.003237707848328,0.7151336853644427,1.0,1.0
831,1.0,0.005895569639246978,23.991664084845965,0.7111650101577535,1.0,1.0
832,1.0,0.005814572377632299,23.995839202705255,0.7135312956922194,1.0,1.0
833,1.0,0.005802953872651218,24.047085980322972,0.7150003576278686,1.0,1.0
834,1.0,0.005837211694546088,24.00992695465321,0.7130867700717028,1.0,1.0
835,1.0,0.005875666557426403,23.844544919627797,0.7152027053692761,1.0,1.0
836,1.0,0.006479351952515855,23.97826489871632,0.7124691268275766,1.0,1.0
837,1.0,0.005844451270016011,24.012799529536547,0.7155439221157747,1.0,1.0
838,1.0,0.005843826725766687,24.041119430690078,0.7171637657109429,1.0,1.0
839,1.0,0.005835369380112893,24.043711330953244,0.7169946271531722,1.0,1.0
840,1.0,0.005813608907140836,23.980710671551435,0.7123641716031467,1.0,1.0
841,1.0,0.005806036349385976,24.0402783831807,0.7159523136475507,1.0,1.0
842,1.0,0.005830086643868935,24.0537041719341,0.7189528653200935,1.0,1.0
843,1.0,0.005842421293526353,23.979857577439986,0.715778405526105,1.0,1.0
844,1.0,0.005859935318013865,24.015251962875546,0.7137745925258188,1.0,1.0
845,1.0,0.0057967555587609375,24.036224278308786,0.7139083871420692,1.0,1.0
846,1.0,0.0057169413239789935,24.01021121823728,0.7155832147598267,1.0,1.0
847,1.0,0.005807072524940539,24.023791793119237,0.715206684364992,1.0,1.0
848,1.0,0.005836565413897088,24.036415784782076,0.7171600748510921,1.0,1.0
849,1.0,0.0058144597142577885,24.022629046494686,0.7167273562094745,1.0,1.0
850,1.0,0.005888235863008185,24.030311155495177,0.71685142993927,1.0,1.0
851,1.0,0.005850536583917227,24.053428734653078,0.7153927498004016,1.0,1.0
852,1.0,0.005814766360078743,24.02053946641901,0.7157544058911941,1.0,1.0
853,1.0,0.005818856930817494,24.037623232204037,0.7153269718675053,1.0,1.0
854,1.0,0.005782706974531541,23.981049318553186,0.7150373936400694,1.0,1.0
855,1.0,0.005794564243517593,24.00966373103998,0.7149634080073413,1.0,1.0
856,1.0,0.005804609138808564,23.999778672834424,0.7159799964988933,1.0,1.0
857,1.0,0.0057800548956422745,24.01102679352067,0.7125358953896691,1.0,1.0
858,1.0,0.005843997244461032,24.02510846197189,0.7167285863792195,1.0,1.0
859,1.0,0.005845394914267128,23.932393687382316,0.7144184886707979,1.0,1.0
860,1.0,0.005878319140345215,24.036695442316525,0.7160537784941057,1.0,1.0
861,1.0,0.005838643474515505,24.02202852643125,0.7152524997907527,1.0,1.0
862,1.0,0.005839792327609604,24.049872279283584,0.7168440299875596,1.0,1.0
863,1.0,0.005864479595873349,23.984626287555585,0.7159268902329837,1.0,1.0
864,1.0,0.005784538870197749,24.025763368517485,0.7145720745535458,1.0,1.0
865,1.0,0.005829227111430582,23.989103344005276,0.7143280638666714,1.0,1.0
866,1.0,0.005832660625839305,24.02229467625044,0.7138326871395111,1.0,1.0
867,1.0,0.005821046721368671,24.040616337630727,0.7154975746659672,1.0,1.0
868,1.0,0.005845367962349496,24.01960407987593,0.7141799322296591,1.0,1.0
869,1.0,0.005869782400166917,24.023347041906202,0.7154356518212487,1.0,1.0
870,1.0,0.005875205979041175,24.06152586146979,0.7156624639735503,1.0,1.0
871,1.0,0.005788726370313211,24.010112254508144,0.7162114327795366,1.0,1.0
872,1.0,0.005821480541015992,24.006214290919814,0.7130114506272709,1.0,1.0
873,1.0,0.0058214684753137794,23.974365036282258,0.7165354886475731,1.0,1.0
874,1.0,0.005800648831098736,24.012034800297762,0.7157350604674395,1.0,1.0
875,1.0,0.005884018511829262,24.020540516711772,0.7124521716202007,1.0,1.0
876,1.0,0.005802950449176356,23.991367766595644,0.7119467633612016,1.0,1.0
877,1.0,0.005769037443497581,24.042757150253202,0.7160922625485588,1.0,1.0
878,1.0,0.005880405939892381,24.015231982954134,0.7141716554585625,1.0,1.0
879,1.0,0.005807096322741873,24.040368559214237,0.715860486872056,1.0,1.0
880,1.0,0.005831984018873491,24.015614740198593,0.7154664970145506,1.0,1.0
881,1.0,0.005785192038395448,24.022439555686486,0.7157568375503316,1.0,1.0
882,1.0,0.00586072798149136,24.038745627013967,0.7167608396446004,1.0,1.0
883,1.0,0.005836682174867856,24.001632220617278,0.7168970659199883,1.0,1.0
884,1.0,0.005823154386556791,24.01626030373285,0.7145033963287578,1.0,1.0
885,1.0,0.005808637124112623,24.031489133692755,0.7148909097559312,1.0,1.0
886,1.0,0.00579059594595236,24.026076230536976,0.7157156531951007,1.0,1.0
887,1.0,0.005767693954804343,24.015354752860453,0.7155731409437516,1.0,1.0
888,1.0,0.0058320070277832585,24.033839420114766,0.7146697330474854,1.0,1.0
889,1.0,0.005846309035034951,24.016596452936874,0.7136936635830823,1.0,1.0
890,1.0,0.005844967343292372,24.016623522460097,0.7150755963605993,1.0,1.0
891,1.0,0.005867710737567283,24.028798463687025,0.7155899368314182,1.0,1.0
892,1.0,0.005772538102917864,24.045862365963444,0.7176571001024807,1.0,1.0
893,1.0,0.005834210288381862,24.048599099840526,0.7165469653466169,1.0,1.0
894,1.0,0.005810717354768407,24.048325947573108,0.714399881292792,1.0,1.0
895,1.0,0.0058015230925987935,24.001398295705346,0.7158826215126936,1.0,1.0
896,1.0,0.00583751691605695,24.027350523575844,0.7152294692572425,1.0,1.0
897,1.0,0.005786185366307904,24.048447002846732,0.7167838817484239,1.0,1.0
898,1.0,0.005823732517369671,24.014015926545387,0.7113411038062152,1.0,1.0
899,1.0,0.00580040703767431,24.02226186773597,0.7147207490135642,1.0,1.0
900,1.0,0.005832480482511713,23.986889605087672,0.7128331707505619,1.0,1.0
901,1.0,0.005842739650031585,24.011054950370927,0.7145990946713616,1.0,1.0
902,1.0,0.005782943003013462,23.99470302130797,0.7130931221737581,1.0,1.0
903,1.0,0.005841644081749959,24.011944823298457,0.7142455225832323,1.0,1.0
904,1.0,0.0058490531994197185,24.03755313828281,0.7144138357919805,1.0,1.0
905,1.0,0.005825575469452107,24.067383936941106,0.7166144941834842,1.0,1.0
906,1.0,0.005861510210029201,24.030421187000357,0.7152558950816884,1.0,1.0
907,1.0,0.005784059931150454,24.024150447205376,0.716017327448901,1.0,1.0
908,1.0,0.005839977957821357,24.02233089656256,0.7152124940647798,1.0,1.0
909,1.0,0.005825127070535443,23.90527259219198,0.7139971410526949,1.0,1.0
910,1.0,0.005810359907699024,24.027288652962007,0.7146745353586533,1.0,1.0
911,1.0,0.005861715277333459,24.0147222009735,0.713984434744891,1.0,1.0
912,1.0,0.0058696082202037295,24.038768113787437,0.716191330797532,1.0,1.0
913,1.0,0.005844443214243044,24.029779821281107,0.7168808940578909,1.0,1.0
914,1.0,0.005802609348881566,24.01062494642801,0.7134272412692799,1.0,1.0
915,1.0,0.0057875706072517494,24.033033092616357,0.7164144731970394,1.0,1.0
916,1.0,0.00579118472685714,24.032786452165176,0.7136022529882543,1.0,1.0
917,1.0,0.005788184570003591,24.037967146805133,0.7160091038311229,1.0,1.0
918,1.0,0.005888884667597131,24.05268103110743,0.7164512061371523,1.0,1.0
919,1.0,0.005816647515793939,24.037201605435286,0.7163286749755635,1.0,1.0
920,1.0,0.005833001631774945,24.000057533691333,0.7136166554338792,1.0,1.0
921,1.0,0.0058563271872030045,24.013232211404283,0.7123313286023981,1.0,1.0
922,1.0,0.005808028266458454,24.05296641938297,0.7153691565289216,1.0,1.0
923,1.0,0.005790272815387227,24.017715886597205,0.7156220658386455,1.0,1.0
924,1.0,0.005822797663130624,23.942813545001854,0.7129513027387507,1.0,1.0
925,1.0,0.00583455467830875,24.02755605352484,0.7157617829827702,1.0,1.0
926,1.0,0.005834663203822639,24.036478310340165,0.7157998219658347,1.0,1.0
927,1.0,0.00578035467109102,24.04420361978968,0.7168132911008948,1.0,1.0
928,1.0,0.005821203272008967,24.030978375176893,0.7175814092860502,1.0,1.0
929,1.0,0.005778270138617226,24.05419090012252,0.7159015142216402,1.0,1.0
930,1.0,0.0058079077752898195,24.034154056666964,0.7148306219016805,1.0,1.0
931,1.0,0.00578418513291521,24.00168153576057,0.7132365349461051,1.0,1.0
932,1.0,0.005852229580907764,24.03326348717812,0.7160983733569874,1.0,1.0
933,1.0,0.005831289096863684,23.97364393947976,0.7140589279988233,1.0,1.0
934,1.0,0.005859221085727572,24.01709261312904,0.7146853252018199,1.0,1.0
935,1.0,0.005844564468984654,23.988986706434062,0.7160846918470719,1.0,1.0
936,1.0,0.005833524158614838,24.00984035584542,0.7128223464068244,1.0,1.0
937,1.0,0.00583536197213891,23.976557316228522,0.7129498678796432,1.0,1.0
938,1.0,0.00577014260172487,24.005908952358908,0.7128596940461327,1.0,1.0
939,1.0,0.005808433804014129,24.015026657646366,0.716024466121898,1.0,1.0
940,1.0,0.0058213478844322845,23.980697951900684,0.7140784053942737,1.0,1.0
941,1.0,0.005792086797314668,24.021920382002406,0.7150264364130356,1.0,1.0
942,1.0,0.005794076050916118,24.026502347493928,0.7143397873990676,1.0,1.0
943,1.0,0.005836324157962899,24.019503491504665,0.7143307014072643,1.0,1.0
944,1.0,0.005849989571101116,24.021172484322353,0.7135666009257822,1.0,1.0
945,1.0,0.005761426024161235,24.00075553070872,0.71556717543041,1.0,1.0
946,1.0,0.005838903034117051,24.030193523493367,0.7136453055634218,1.0,1.0
947,1.0,0.005807121734686955,24.02339191267838,0.7146260568674873,1.0,1.0
948,1.0,0.005794962900885922,24.01188246972295,0.7153156598175273,1.0,1.0
949,1.0,0.0058168522734752676,23.999803736746905,0.7131199979080873,1.0,1.0
950,1.0,0.005884684410816181,23.976222828291554,0.7121360975854537,1.0,1.0
951,1.0,0.005762735184750514,24.0023705706049,0.7136511529894436,1.0,1.0
952,1.0,0.005763288729316638,24.03537966541147,0.7162448603265426,1.0,1.0
953,1.0,0.005801603407961523,24.02404261796412,0.7121706138638889,1.0,1.0
954,1.0,0.005776702883335466,24.033774762359243,0.7163045216307921,1.0,1.0
955,1.0,0.0058049585227436295,24.021612470615374,0.7133519913869746,1.0,1.0
956,1.0,0.005805346220397128,24.02224296991914,0.715229547514635,1.0,1.0
957,1.0,0.005847049318477065,24.048929364164856,0.7168704651383793,1.0,1.0
958,1.0,0.005823848101974069,24.019921325064814,0.713866727141773,1.0,1.0
959,1.0,0.005844364912433181,24.032447625990244,0.7152168450636022,1.0,1.0
960,1.0,0.0058383804864199935,24.04017539724636,0.7153691159977632,1.0,1.0
961,1.0,0.00576562674281126,24.03131705407177,0.7165497130506179,1.0,1.0
962,1.0,0.00581951496442278,24.038174790040046,0.7150856893904068,1.0,1.0
963,1.0,0.005834718951341991,24.014616240838073,0.7134808932332432,1.0,1.0
964,1.0,0.005836835810747332,24.039103309792964,0.7174146218860851,1.0,1.0
965,1.0,0.005828877294625708,23.98862302042648,0.7132926907960107,1.0,1.0
966,1.0,0.005822277039200246,24.040019606775402,0.7151357818351073,1.0,1.0
967,1.0,0.005782711285160866,24.017826500408646,0.7135075546012205,1.0,1.0
968,1.0,0.005774962544485837,24.029399358622893,0.7143141640635098,1.0,1.0
969,1.0,0.0058362483932541875,24.023620720166775,0.7135131779839011,1.0,1.0
970,1.0,0.005745708747783643,24.038936760877316,0.7154748613694135,1.0,1.0
971,1.0,0.005801801002935735,24.00526158468404,0.7146423898023717,1.0,1.0
972,1.0,0.005851888299925241,24.024363474235997,0.7143307314900791,1.0,1.0
973,1.0,0.005812803775652083,24.055541363336257,0.7170849600960226,1.0,1.0
974,1.0,0.0058124822636921245,24.02437580429841,0.7156390637509963,1.0,1.0
975,1.0,0.005773484758296591,24.036727357185907,0.7180015343778273,1.0,1.0
976,1.0,0.005809895506206744,24.038712419589054,0.7154046984279857,1.0,1.0
977,1.0,0.00582753542029929,24.015251437089322,0.7133403033368728,1.0,1.0
978,1.0,0.005797687235349667,24.024699521497432,0.7125374101891238,1.0,1.0
979,1.0,0.005811606128616426,24.02665416614163,0.7131405344430138,1.0,1.0
980,1.0,0.005816828500769452,24.02426483247651,0.7127060890898985,1.0,1.0
981,1.0,0.00581217645550381,24.001655427813287,0.7128997492790222,1.0,1.0
982,1.0,0.005830767033677436,23.987617236989763,0.7121379594241871,1.0,1.0
983,1.0,0.005813471937027877,24.057156730515246,0.7155843310496386,1.0,1.0
984,1.0,0.0058328637329047315,23.9990367155089,0.7142861625026254,1.0,1.0
985,1.0,0.005832008558609885,24.024676174792067,0.7140309235628913,1.0,1.0
986,1.0,0.005859977836068162,24.031318101761325,0.7149060545248144,1.0,1.0
987,1.0,0.005769741241736505,24.00834289731703,0.7147866916656495,1.0,1.0
988,1.0,0.005789709121412682,24.003641557007104,0.7118755771833307,1.0,1.0
989,1.0,0.005858699150584236,24.017406100383706,0.7157340996405658,1.0,1.0
990,1.0,0.005790013597084733,24.01648922442968,0.7177100711009081,1.0,1.0
991,1.0,0.00584649004644441,24.021717997692758,0.7149000996000626,1.0,1.0
992,1.0,0.005825282007366597,24.031663563610085,0.7159821995566873,1.0,1.0
993,1.0,0.005776472244144021,24.030853950542298,0.7147429827381583,1.0,1.0
994,1.0,0.005812031555764689,24.015502755649678,0.7149807202114778,1.0,1.0
995,1.0,0.005836159367292763,24.02979213597556,0.7140804731144624,1.0,1.0
996,1.0,0.005807855927056359,24.00809090074762,0.7152528167472166,1.0,1.0
997,1.0,0.005733989807526152,24.03321531478037,0.7154084944725037,1.0,1.0
998,1.0,0.00581017674510172,24.024344060875308,0.716765582631616,1.0,1.0
999,1.0,0.005833763083342663,24.01773716880831,0.7117216356361613,1.0,1.0
1000,1.0,0.00586800989934695,24.02392219236221,0.7161518675439498,1.0,1.0
